name,lat,long,facility_type,ownership,emergency_beds_x,ambulance_available_x,emergency_beds_y,ambulance_available_y,hospital_name_clean,insurance_networks
Bharti Homeopathic Hospitalnan,18.4588916,73.85680646,private hospital,Private,,,,,bharti homeopathic hospitalnan,[]
Bharti Hospitalnan,18.4589235,73.85678324,private hospital,Private,,,,,bharti hospitalnan,"['Aditya Birla', 'HDFC ERGO']"
Bharti Ayurved Hospitalnan,18.4589627,73.85625754,private hospital,Private,,,,,bharti ayurved hospitalnan,[]
Yugpurush Raja Shiv Chatrapati Bibvewadi (Appar) Pune manapa,18.461404,73.868892,Government hospital(PMC),Government,,,,,yugpurush raja shiv chatrapati bibvewadi appar pune manapa,[]
Trimurti Hospital,18.4621095,73.81491098,private hospital,Private,N.A.,N.A.,N.A.,N.A.,trimurti hospital,[]
Eye Clinic,18.4622284,73.8927897,private clinic,Private,,,,,eye clinic,"['TATA AIG', 'Aditya Birla']"
Adate General Hospital,18.4627945,73.81436613,private hospital,Private,N.A.,N.A.,N.A.,N.A.,adate general hospital,[]
Sidhhi Hospital Laproscopy Center,18.4642915,73.85931902,private hospital,Private,,,,,sidhhi hospital laproscopy center,['Care Health']
Rakshak Multi Specility Hospital,18.4643487,73.81532899,private hospital,Private,,,,,rakshak multi specility hospital,[]
rejuva skin clinic,18.465353,73.816526,private clinic,Private,,,,,rejuva skin clinic,[]
Chaitanya Nursing Homenan,18.4653789,73.85251713,private hospital,Private,,,,,chaitanya nursing homenan,[]
Anand Hospitalnan,18.4654492,73.85057513,private hospital,Private,,,,,anand hospitalnan,"['TATA AIG', 'Care Health']"
Modi Clinicnan,18.4654574,73.85641785,private hospital,Private,,,,,modi clinicnan,[]
Pawar Hospital,18.465905,73.86010142,private hospital,Private,,,,,pawar hospital,"['TATA AIG', 'HDFC ERGO', 'Aditya Birla']"
Chordiya Nursing Home,18.466031,73.86396181,private hospital,Private,,,,,chordiya nursing home,[]
Disha Nursing Homenan,18.4663047,73.85234715,private hospital,Private,,,,,disha nursing homenan,[]
Sharad Hospital,18.4684337,73.81891139,private hospital,Private,N.A.,N.A.,N.A.,N.A.,sharad hospital,"['TATA AIG', 'Care Health']"
Sarwat Hospital,18.4704972,73.88780422,private hospital,Private,N.A.,N.A.,N.A.,N.A.,sarwat hospital,"['TATA AIG', 'Care Health']"
Satyanand  Hospital,18.4707934,73.88868992,private hospital,Private,,,,,satyanand hospital,"['TATA AIG', 'Care Health', 'HDFC ERGO', 'Aditya Birla']"
Unity Ortho & Eyes Hospital,18.4712384,73.85746393,private hospital,Private,N.A.,N.A.,N.A.,N.A.,unity ortho eyes hospital,[]
Anand Hospital,18.4713277,73.86397524,private hospital,Private,N.A.,N.A.,N.A.,N.A.,anand hospital,"['TATA AIG', 'Care Health', 'HDFC ERGO']"
Pbmas H.V.Desai Hospital,18.4723273,73.9238448,private hospital,Private,,,,,pbmas hvdesai hospital,[]
Wadekar Nursing Home (MaternityHome & Dispensary),18.472983,73.81941069,private hospital,Private,,,,,wadekar nursing home maternityhome dispensary,[]
Dr. Bhagli Nursing Home,18.4746086,73.85792077,private hospital,Private,N.A.,N.A.,N.A.,N.A.,dr bhagli nursing home,"['TATA AIG', 'Care Health']"
Dr. Bhagli Clinic,18.4746388,73.85791895,private hospital,Private,N.A.,N.A.,N.A.,N.A.,dr bhagli clinic,[]
Parasnis Hospital,18.4746652,73.85874774,private hospital,Private,N.A.,N.A.,N.A.,N.A.,parasnis hospital,"['TATA AIG', 'HDFC ERGO', 'Aditya Birla']"
Shubham Skin Clinic,18.4747751,73.814956,private clinic,Private,,,,,shubham skin clinic,[]
Chintamani Hospital,18.4757006,73.86208654,private hospital,Private,N.A.,N.A.,N.A.,N.A.,chintamani hospital,"['TATA AIG', 'Care Health', 'HDFC ERGO', 'Aditya Birla']"
Chintamani Hospital,18.4757006,73.86208654,private hospital,Private,N.A.,N.A.,N.A.,N.A.,chintamani hospital,"['TATA AIG', 'Care Health', 'HDFC ERGO', 'Aditya Birla']"
Chintamani Hospital,18.4757006,73.86208654,private hospital,Private,N.A.,N.A.,N.A.,N.A.,chintamani hospital,"['TATA AIG', 'Care Health', 'HDFC ERGO', 'Aditya Birla']"
Chintamani Hospital,18.4757006,73.86208654,private hospital,Private,N.A.,N.A.,N.A.,N.A.,chintamani hospital,"['TATA AIG', 'Care Health', 'HDFC ERGO', 'Aditya Birla']"
Late. Minatai Thakare Maternity Home,18.475892,73.889505,Government hospital(PMC),Government,,,,,late minatai thakare maternity home,[]
Late. Shivshankar Pote Dawakhana,18.4765,73.856033,Government hospital(PMC),Government,,,,,late shivshankar pote dawakhana,[]
Sangam Hospital,18.4765191,73.85750876,private hospital,Private,N.A.,N.A.,N.A.,N.A.,sangam hospital,"['TATA AIG', 'Care Health', 'HDFC ERGO', 'Aditya Birla']"
"Sahydri Hospital Ltd. SahyadriHospital, Bibvewadi",18.4768711,73.8625507,private hospital,Private,,,,,sahydri hospital ltd sahyadrihospital bibvewadi,[]
Dr.Karne Women's Clinic,18.477408,73.818996,private clinic,Private,,,,,drkarne womens clinic,[]
Jagtap Hospital,18.4774274,73.82381146,private hospital,Private,N.A.,YES,N.A.,YES,jagtap hospital,"['TATA AIG', 'Care Health']"
Physiotherapy Clinic Pune NIBM,18.4775269,73.9015156,private clinic,Private,,,,,physiotherapy clinic pune nibm,[]
Pharande Eye Hospital & PhacoCenter,18.4777778,73.82399111,private hospital,Private,,,,,pharande eye hospital phacocenter,[]
Pune Center Of Homoeopathy Dr.Upasani's clinic,18.4787696,73.8966072,private clinic,Private,,,,,pune center of homoeopathy drupasanis clinic,[]
Dr.Chavan Clinic,18.478815,73.824445,private clinic,Private,,,,,drchavan clinic,[]
Madhukar General Hospital,18.4788986,73.82411119,private hospital,Private,N.A.,N.A.,N.A.,N.A.,madhukar general hospital,[]
Patil Hospital,18.4791546,73.82480223,private hospital,Private,N.A.,N.A.,N.A.,N.A.,patil hospital,"['Aditya Birla', 'TATA AIG', 'HDFC ERGO']"
Patil Hospital,18.4791546,73.82480223,private hospital,Private,N.A.,N.A.,N.A.,N.A.,patil hospital,"['Aditya Birla', 'TATA AIG', 'HDFC ERGO']"
Patil Hospital,18.4791546,73.82480223,private hospital,Private,N.A.,N.A.,N.A.,N.A.,patil hospital,"['Aditya Birla', 'TATA AIG', 'HDFC ERGO']"
Patil Hospital,18.4791546,73.82480223,private hospital,Private,N.A.,N.A.,N.A.,N.A.,patil hospital,"['Aditya Birla', 'TATA AIG', 'HDFC ERGO']"
"Apollo Clinic - Wanowrie, Pune",18.4793626,73.8960878,private clinic,Private,,,,,apollo clinic wanowrie pune,[]
Ashirwad Hospital,18.4797357,73.82834751,private hospital,Private,N.A.,N.A.,N.A.,N.A.,ashirwad hospital,['TATA AIG']
Sadguru Nursing Home,18.480586,73.82951492,private hospital,Private,N.A.,N.A.,N.A.,N.A.,sadguru nursing home,[]
Sparsh Skin & ENT Clinic,18.4807271,73.8258652,private clinic,Private,,,,,sparsh skin ent clinic,[]
Bhaktiii Group of Homoeopathy Dispensaries,18.4809111,73.8744782,Dispensary,Government,,,,,bhaktiii group of homoeopathy dispensaries,[]
Arcus Clinic,18.4811863,73.9033259,private clinic,Private,,,,,arcus clinic,[]
Prarthna Clinic,18.4817829,73.8990373,private clinic,Private,,,,,prarthna clinic,[]
INAMDAR MULTISPECIALITY HOSPITAL,18.481893,73.891875,Dispensary,Government,,,,,inamdar multispeciality hospital,"['TATA AIG', 'Care Health', 'Aditya Birla']"
"Late. Prathak Barate Dawakhana, Warje Malwadi",18.4835225,73.79259612,Government hospital(PMC),Government,,,,,late prathak barate dawakhana warje malwadi,[]
Psychiatrist in Pune - The Rational Psychiatrist Dr Manish Bajpayee,18.483929,73.889862,private clinic,Private,,,,,psychiatrist in pune the rational psychiatrist dr manish bajpayee,[]
Rao Nursing Home,18.4846951,73.85879594,private hospital,Private,,,,,rao nursing home,"['TATA AIG', 'Care Health', 'HDFC ERGO']"
Kilbil Clinic,18.485132,73.8110948,private clinic,Private,,,,,kilbil clinic,[]
Lata Mangeshkar MedicalFoundation's Mai Mangeshkar Hospital,18.4851605,73.79978785,private hospital,Private,,,,,lata mangeshkar medicalfoundations mai mangeshkar hospital,[]
Grant Medical Foundetion Ruby HollClinic- Wanovari,18.4853169,73.90486796,private hospital,Private,,,,,grant medical foundetion ruby hollclinic wanovari,[]
"PMC Dawakhana, Pune",18.485521,73.899035,Government hospital(PMC),Government,,,,,pmc dawakhana pune,[]
Vinayak Hospital,18.4856366,73.79677714,private hospital,Private,N.A.,N.A.,N.A.,N.A.,vinayak hospital,"['Aditya Birla', 'Care Health']"
Vinayak Hospital,18.4856366,73.79677714,private hospital,Private,N.A.,N.A.,N.A.,N.A.,vinayak hospital,"['Aditya Birla', 'Care Health']"
Vinayak Hospital,18.4856366,73.79677714,private hospital,Private,N.A.,N.A.,N.A.,N.A.,vinayak hospital,"['Aditya Birla', 'Care Health']"
Vinayak Hospital,18.4856366,73.79677714,private hospital,Private,N.A.,N.A.,N.A.,N.A.,vinayak hospital,"['Aditya Birla', 'Care Health']"
Walimbe Eye Clinic,18.4858978,73.8536858,private clinic,Private,N.A.,N.A.,N.A.,N.A.,walimbe eye clinic,[]
"Neuro Psychiatry Clinic, Pune",18.486128,73.796409,private clinic,Private,,,,,neuro psychiatry clinic pune,[]
Navjeevan Nursing Home,18.4862815,73.93103888,private hospital,Private,N.A.,N.A.,N.A.,N.A.,navjeevan nursing home,[]
Navjeevan Nursing Home,18.4862815,73.93103888,private hospital,Private,N.A.,N.A.,N.A.,N.A.,navjeevan nursing home,[]
Navjeevan Nursing Home,18.4862815,73.93103888,private hospital,Private,N.A.,N.A.,N.A.,N.A.,navjeevan nursing home,[]
Navjeevan Nursing Home,18.4862815,73.93103888,private hospital,Private,N.A.,N.A.,N.A.,N.A.,navjeevan nursing home,[]
Kothari Hospitalnan,18.4868036,73.85720785,private hospital,Private,,,,,kothari hospitalnan,"['TATA AIG', 'HDFC ERGO']"
"ASHA SKIN, HAIR & LASER CLINIC",18.486955,73.812883,private clinic,Private,,,,,asha skin hair laser clinic,[]
Late. Vijayabai Shirke Aarogya Kendra,18.487103,73.815248,Government hospital(PMC),Government,,,,,late vijayabai shirke aarogya kendra,[]
Dr. Vaijayanti V. Bodas,18.488712,73.856945,private clinic,Private,,,,,dr vaijayanti v bodas,[]
Late. Arvind Ganpat Bartakke Dawakhana,18.488853,73.795542,Government hospital(PMC),Government,,,,,late arvind ganpat bartakke dawakhana,[]
Zanwar Eye Hospitalnan,18.4890425,73.85703449,private hospital,Private,,,,,zanwar eye hospitalnan,[]
Mother Hope Fertility Clinic,18.4890457,73.8570426,private clinic,Private,,,,,mother hope fertility clinic,[]
Mother Home Fartility Clinicnan,18.4891233,73.85703134,private hospital,Private,,,,,mother home fartility clinicnan,[]
Kamla Nursing Home,18.4892497,73.86224102,private hospital,Private,,,,,kamla nursing home,"['TATA AIG', 'HDFC ERGO', 'Aditya Birla']"
NANDINI CLINIC,18.489529,73.899958,private clinic,Private,,,,,nandini clinic,[]
"Nuleaf Hair Transplant Centre, Pune",18.489545,73.857339,private clinic,Private,,,,,nuleaf hair transplant centre pune,[]
Yashshree Maternity & Nursing Homenan,18.4898166,73.85004897,private hospital,Private,,,,,yashshree maternity nursing homenan,[]
Dr. Bande Hospital,18.4902514,73.8579388,private hospital,Private,,,,,dr bande hospital,['HDFC ERGO']
Dugad Hospital,18.4910595,73.8581677,private hospital,Private,N.A.,N.A.,N.A.,N.A.,dugad hospital,"['TATA AIG', 'Care Health']"
Express Clinics Pvt Ltd,18.492305,73.856747,private clinic,Private,,,,,express clinics pvt ltd,[]
Late. Indumati Manilal Khanna Dawakhana,18.492471,73.866599,Government hospital(PMC),Government,,,,,late indumati manilal khanna dawakhana,[]
Aadhar Hospitalnan,18.4935942,73.85034467,private hospital,Private,,,,,aadhar hospitalnan,[]
Ivory Dental Clinic,18.493721,73.933122,private clinic,Private,,,,,ivory dental clinic,[]
I - Care Clinic,18.4942611,73.8999457,private clinic,Private,,,,,i care clinic,[]
Skin City,18.494578,73.836122,private clinic,Private,,,,,skin city,[]
Janani Nursing Home,18.4947657,73.81356017,private hospital,Private,,,,,janani nursing home,"['TATA AIG', 'HDFC ERGO']"
Shashwat Health Pvt.Ltd ShashwatHospital.,18.4948393,73.81359283,private hospital,Private,,,,,shashwat health pvtltd shashwathospital,[]
"Ranka Medical Foundetion, RankaHospital",18.494933,73.86184047,private hospital,Private,,,,,ranka medical foundetion rankahospital,[]
Devyani Multy Speciality Hospital,18.4949895,73.81212228,private hospital,Private,N.A.,YES,N.A.,YES,devyani multy speciality hospital,"['TATA AIG', 'Care Health', 'Aditya Birla']"
Rukhmini Hospital,18.4950028,73.86184672,private hospital,Private,N.A.,N.A.,N.A.,N.A.,rukhmini hospital,[]
Dr Rane's Dispensary,18.495178,73.8127564,Dispensary,Government,,,,,dr ranes dispensary,[]
Karne Hospital Pvt. Ltd. OrthopedicNursing Home,18.4957009,73.85831637,private hospital,Private,,,,,karne hospital pvt ltd orthopedicnursing home,[]
Devyani Hospital Surguri Maternity & General Nursing Home,18.4959252,73.81222704,private hospital,Private,N.A.,N.A.,N.A.,N.A.,devyani hospital surguri maternity general nursing home,[]
Lokmanya Hospital Pvt. Ltd.,18.4959852,73.85427766,private hospital,Private,,,,,lokmanya hospital pvt ltd,"['TATA AIG', 'Care Health', 'Aditya Birla']"
Bharatratna Dr. Babasaheb Ambedkar Dawakhana,18.496225,73.870225,Government hospital(PMC),Government,,,,,bharatratna dr babasaheb ambedkar dawakhana,[]
Date Hospitalnan,18.4962318,73.85374921,private hospital,Private,,,,,date hospitalnan,[]
Bindu Madhav Thakare Dawakhana,18.496497,73.816307,Government hospital(PMC),Government,,,,,bindu madhav thakare dawakhana,[]
Ent Hospitalnan,18.4965233,73.85438072,private hospital,Private,,,,,ent hospitalnan,[]
"Dental Sphere: Best Dentist in Pune, Dental Clinic in Mukund Nagar, Swargate, Pu",18.49674,73.86376,private clinic,Private,,,,,dental sphere best dentist in pune dental clinic in mukund nagar swargate pu,[]
Yashwant Eye Clinic & Hospitalnan,18.4968902,73.85448405,private hospital,Private,,,,,yashwant eye clinic hospitalnan,[]
Rajamata Jijau Maternity Home,18.4972131,73.8550317,Government hospital(PMC),Government,,,,,rajamata jijau maternity home,[]
Late. Namdevrao Shivarkar Maternity Home,18.497237,73.89985,Government hospital(PMC),Government,,,,,late namdevrao shivarkar maternity home,[]
Dr. Tekawade Eye Clinic & Laser Centre,18.497339,73.858213,private clinic,Private,,,,,dr tekawade eye clinic laser centre,['Care Health']
"Hindu Ruday Samrat, Shivsena Pramukh, Balasheb Thakre Dawakhana",18.497456,73.853928,Government hospital(PMC),Government,,,,,hindu ruday samrat shivsena pramukh balasheb thakre dawakhana,[]
Dr. Purohit Maternity Hospitalnan,18.497601,73.85210745,private hospital,Private,,,,,dr purohit maternity hospitalnan,[]
Shahade Hospitalnan,18.4980417,73.85384566,private hospital,Private,,,,,shahade hospitalnan,"['TATA AIG', 'Care Health']"
Parvati General Hospitalnan,18.4983245,73.85055828,private hospital,Private,,,,,parvati general hospitalnan,[]
Homoeopathic Dispensary,18.49894,73.804159,Dispensary,Government,,,,,homoeopathic dispensary,[]
Mehta Nursing Home,18.4991081,73.86918789,private hospital,Private,N.A.,N.A.,N.A.,N.A.,mehta nursing home,"['TATA AIG', 'HDFC ERGO', 'Aditya Birla']"
Suyash Hospityal,18.5000925,73.81233642,private hospital,Private,N.A.,N.A.,N.A.,N.A.,suyash hospityal,"['Aditya Birla', 'Care Health', 'HDFC ERGO']"
Harjeevan Hospitalnan,18.5001426,73.85408736,private hospital,Private,,,,,harjeevan hospitalnan,[]
Dr.Patankar Medical Foundetion &Patankar Hospital Pvt. Ltd.,18.5003435,73.85430306,private hospital,Private,,,,,drpatankar medical foundetion patankar hospital pvt ltd,[]
Parvati General Hospital,18.5007037,73.84619906,private hospital,Private,,,,,parvati general hospital,"['TATA AIG', 'HDFC ERGO']"
Prabhudesai Eye Clinic,18.5008587,73.8203059,private clinic,Private,N.A.,N.A.,N.A.,N.A.,prabhudesai eye clinic,[]
Prabhudesai Eye Clinic,18.5008587,73.8203059,private clinic,Private,N.A.,N.A.,N.A.,N.A.,prabhudesai eye clinic,[]
Prabhudesai Eye Clinic,18.5008587,73.8203059,private clinic,Private,N.A.,N.A.,N.A.,N.A.,prabhudesai eye clinic,[]
Prabhudesai Eye Clinic,18.5008587,73.8203059,private clinic,Private,N.A.,N.A.,N.A.,N.A.,prabhudesai eye clinic,[]
"ADVANCED STROKE & PARALYSIS CLINIC, Pune Specialist Doctor . India",18.500897,73.845902,private clinic,Private,,,,,advanced stroke paralysis clinic pune specialist doctor india,[]
Dr. Karawa Hospital MaternitySurgical & General Hospital,18.5009427,73.84611344,private hospital,Private,,,,,dr karawa hospital maternitysurgical general hospital,[]
Prabhu Desai Eye Clinic,18.5009612,73.82031088,private hospital,Private,,,,,prabhu desai eye clinic,[]
Tanmay Nursing Home,18.5009897,73.94295797,private hospital,Private,N.A.,N.A.,N.A.,N.A.,tanmay nursing home,"['TATA AIG', 'Care Health', 'HDFC ERGO']"
Sanjeevani Nursing Home,18.5011756,73.94093173,private hospital,Private,N.A.,N.A.,N.A.,N.A.,sanjeevani nursing home,"['TATA AIG', 'HDFC ERGO']"
Sanjeevani Nursing Home,18.5011756,73.94093173,private hospital,Private,N.A.,N.A.,N.A.,N.A.,sanjeevani nursing home,"['TATA AIG', 'HDFC ERGO']"
Sanjeevani Nursing Home,18.5011756,73.94093173,private hospital,Private,N.A.,N.A.,N.A.,N.A.,sanjeevani nursing home,"['TATA AIG', 'HDFC ERGO']"
Sanjeevani Nursing Home,18.5011756,73.94093173,private hospital,Private,N.A.,N.A.,N.A.,N.A.,sanjeevani nursing home,"['TATA AIG', 'HDFC ERGO']"
Sharada Clinic,18.5012305,73.86635352,private hospital,Private,N.A.,N.A.,N.A.,N.A.,sharada clinic,"['TATA AIG', 'Care Health']"
Ratnadeep  Hospital,18.5012793,73.93719252,private hospital,Private,N.A.,N.A.,N.A.,N.A.,ratnadeep hospital,"['TATA AIG', 'HDFC ERGO', 'Aditya Birla']"
Tupe Hospital,18.5013038,73.93644002,private hospital,Private,N.A.,N.A.,N.A.,N.A.,tupe hospital,['Aditya Birla']
Colony Nursing Homenan,18.5014524,73.84781933,private hospital,Private,,,,,colony nursing homenan,[]
Hand Surgery Clinics,18.5015692,73.8252926,private clinic,Private,,,,,hand surgery clinics,[]
Usha Kiran Hospital,18.501784,73.93494269,private hospital,Private,N.A.,N.A.,N.A.,N.A.,usha kiran hospital,"['TATA AIG', 'Care Health', 'HDFC ERGO']"
Aliance Munot Hospital,18.501787,73.86921741,private hospital,Private,N.A.,N.A.,N.A.,N.A.,aliance munot hospital,[]
Zanzurne Accident Hospital,18.5018891,73.93301485,private hospital,Private,,,,,zanzurne accident hospital,"['TATA AIG', 'HDFC ERGO']"
Deenannath Mangeshkar Hospital,18.5019056,73.83313987,private hospital,Private,N.A.,YES,N.A.,YES,deenannath mangeshkar hospital,"['TATA AIG', 'HDFC ERGO', 'Aditya Birla']"
Chavan Nursing Homenan,18.5019594,73.85852748,private hospital,Private,,,,,chavan nursing homenan,[]
Alatkar Hospital,18.5019906,73.93256001,private hospital,Private,N.A.,N.A.,N.A.,N.A.,alatkar hospital,"['TATA AIG', 'Care Health', 'HDFC ERGO']"
Alatkar Hospital,18.5019906,73.93256001,private hospital,Private,N.A.,N.A.,N.A.,N.A.,alatkar hospital,"['TATA AIG', 'Care Health', 'HDFC ERGO']"
Alatkar Hospital,18.5019906,73.93256001,private hospital,Private,N.A.,N.A.,N.A.,N.A.,alatkar hospital,"['TATA AIG', 'Care Health', 'HDFC ERGO']"
Alatkar Hospital,18.5019906,73.93256001,private hospital,Private,N.A.,N.A.,N.A.,N.A.,alatkar hospital,"['TATA AIG', 'Care Health', 'HDFC ERGO']"
Sawan Kirpal Ruhani Mission (SKRM) - Kirpal Ashram,18.502222,73.865461,Dispensary,Government,,,,,sawan kirpal ruhani mission skrm kirpal ashram,[]
Meera Hospital,18.502236,73.8747181,private hospital,Private,,,,,meera hospital,"['TATA AIG', 'Care Health', 'Aditya Birla']"
Cyber Allergy Clinic,18.5022966,73.8583978,private clinic,Private,,,,,cyber allergy clinic,[]
Skin specialist in Pune kothrud clinic,18.502302,73.815879,private clinic,Private,,,,,skin specialist in pune kothrud clinic,[]
Physiotherapy Clinic,18.502308,73.929879,private clinic,Private,,,,,physiotherapy clinic,[]
Late. Anandibai Narhar Gadgil Dawakhana,18.502322,73.838387,Government hospital(PMC),Government,,,,,late anandibai narhar gadgil dawakhana,[]
Gokhale Hospitalnan,18.5023373,73.8568698,private hospital,Private,,,,,gokhale hospitalnan,[]
Dr. Purandare Maternity Homenan,18.5023695,73.85865433,private hospital,Private,,,,,dr purandare maternity homenan,[]
Z Plus Accident Hospital & NursingHome,18.5023763,73.93290466,private hospital,Private,,,,,z plus accident hospital nursinghome,[]
Health Point Polyclinic,18.5024366,73.8096192,private clinic,Private,,,,,health point polyclinic,[]
Lotus Hospital,18.5025203,73.93369804,private hospital,Private,N.A.,N.A.,N.A.,N.A.,lotus hospital,"['TATA AIG', 'Care Health', 'Aditya Birla']"
Dr Batra's,18.5026095,73.8170481,private clinic,Private,,,,,dr batras,[]
Nadkarni Clinic,18.502818,73.828832,private clinic,Private,,,,,nadkarni clinic,[]
"Sahyadri Hospital Ltd, Hadapsar.",18.5028683,73.92779919,private hospital,Private,,,,,sahyadri hospital ltd hadapsar,[]
Late. Matoshri Ramabai Ambedkar Maternity Home,18.50291,73.850023,Government hospital(PMC),Government,,,,,late matoshri ramabai ambedkar maternity home,[]
Apolo Speciality Hospitals Pvt. Ltd.,18.5029266,73.85210357,private hospital,Private,N.A.,N.A.,N.A.,N.A.,apolo speciality hospitals pvt ltd,[]
Nova Pluse Ivf Clinic Pvt. Ltd.,18.5029712,73.8521089,private hospital,Private,,,,,nova pluse ivf clinic pvt ltd,[]
Pune Dental Clinic,18.5030247,73.8632659,private clinic,Private,,,,,pune dental clinic,[]
"Nova IVI Fertility Clinic Pune, Maharastra",18.5030333,73.8520671,private clinic,Private,,,,,nova ivi fertility clinic pune maharastra,[]
Late. Annasaheb Magar Maternity Home,18.503093,73.92653,Government hospital(PMC),Government,,,,,late annasaheb magar maternity home,[]
Smile N Shine,18.503152,73.819539,private clinic,Private,,,,,smile n shine,[]
Inamdar Hospital ( C.I.M.E.T.),18.5031819,73.90010216,private hospital,Private,,,,,inamdar hospital cimet,[]
Nobel  Hospital,18.5033274,73.92731848,private hospital,Private,N.A.,YES,N.A.,YES,nobel hospital,"['TATA AIG', 'HDFC ERGO', 'Aditya Birla']"
Surgical Nursing Homenan,18.5034406,73.85222131,private hospital,Private,,,,,surgical nursing homenan,[]
Dr. Deshmukh Hospitalnan,18.5034889,73.8565846,private hospital,Private,,,,,dr deshmukh hospitalnan,[]
Sane Guruji Aarogya Kendra,18.5034909,73.93810336,private hospital,Private,,,,,sane guruji aarogya kendra,[]
Late. Jayabai Nanasaheb Sutar Maternity Home,18.503652,73.807762,Government hospital(PMC),Government,,,,,late jayabai nanasaheb sutar maternity home,[]
Amey Clinic Maternity & GynaeSurgical Home,18.5037095,73.82878358,private hospital,Private,,,,,amey clinic maternity gynaesurgical home,[]
Noble Hospital,18.5037415,73.92734033,private hospital,Private,,,,,noble hospital,"['TATA AIG', 'HDFC ERGO', 'Aditya Birla']"
Kelkar Pediatric Hospital (Children),18.503906,73.85571762,private hospital,Private,,,,,kelkar pediatric hospital children,[]
Janta Vasahat Dawakhana,18.5041367,73.85130454,Government hospital(PMC),Government,,,,,janta vasahat dawakhana,[]
Vibhute Hospitalnan,18.504137,73.85165049,private hospital,Private,,,,,vibhute hospitalnan,[]
"Healing Hands Clinic, Tilak Road",18.50417,73.854841,private clinic,Private,,,,,healing hands clinic tilak road,[]
Tooth Clinic,18.5042105,73.9014439,private clinic,Private,,,,,tooth clinic,[]
Lapro Obeso Centernan,18.5044878,73.85108619,private hospital,Private,,,,,lapro obeso centernan,[]
Bhide Hospital Balrog Vibhagnan,18.5048168,73.84430481,private hospital,Private,,,,,bhide hospital balrog vibhagnan,[]
Bhide Hospital Orthopedic Divissionnan,18.5048664,73.8443334,private hospital,Private,,,,,bhide hospital orthopedic divissionnan,[]
Late. Savitribai Phule Maternity Home,18.504876,73.86102,Government hospital(PMC),Government,,,,,late savitribai phule maternity home,[]
Novo Grace Skin Clinic,18.504899,73.832172,private clinic,Private,,,,,novo grace skin clinic,[]
Dr Jagtap Dispensary,18.5051912,73.8382896,Dispensary,Government,,,,,dr jagtap dispensary,[]
Jeevan Sadhana Clinic,18.505277,73.824124,private clinic,Private,,,,,jeevan sadhana clinic,[]
Anand Maternity & Nursing Homenan,18.5054941,73.85053047,private hospital,Private,,,,,anand maternity nursing homenan,['TATA AIG']
Late. Chandu Mama Sonawane Maternity Home,18.505713,73.868817,Government hospital(PMC),Government,,,,,late chandu mama sonawane maternity home,[]
Shri Dashabhuja X-Ray Clinic,18.5057279,73.8261294,private clinic,Private,,,,,shri dashabhuja xray clinic,[]
Amey Nursing Homenan,18.5059518,73.85677009,private hospital,Private,,,,,amey nursing homenan,[]
Eternis Skin & Hair clinic,18.506019,73.817779,private clinic,Private,,,,,eternis skin hair clinic,[]
Day Care  Orthopedic Hospitalnan,18.506127,73.85389021,private hospital,Private,,,,,day care orthopedic hospitalnan,[]
Neo Hospitalnan,18.5061368,73.8522629,private hospital,Private,,,,,neo hospitalnan,[]
Homeo Care Clinic,18.5061464,73.9274336,private clinic,Private,,,,,homeo care clinic,[]
Dr. Chitale Ent Hospitalnan,18.5061689,73.85289289,private hospital,Private,,,,,dr chitale ent hospitalnan,[]
Ashwini Hospitalnan,18.5061837,73.8443349,private hospital,Private,,,,,ashwini hospitalnan,['Care Health']
Dr. Pabalkar Nursing Homenan,18.5061852,73.8565195,private hospital,Private,,,,,dr pabalkar nursing homenan,[]
"Late. Tharkude Dawakhana, Erandwana",18.5066,73.832811,Government hospital(PMC),Government,,,,,late tharkude dawakhana erandwana,[]
Chinmay Nursing Homenan,18.5066159,73.84475521,private hospital,Private,,,,,chinmay nursing homenan,[]
Wagh Eye Clinic,18.506821,73.840436,private clinic,Private,,,,,wagh eye clinic,[]
"Skiin Bliss Clinic, Pune",18.506873,73.851803,private clinic,Private,,,,,skiin bliss clinic pune,[]
Aashtang Ayurved Rugnalayanan,18.5069646,73.85072195,private hospital,Private,,,,,aashtang ayurved rugnalayanan,[]
N. M. Wadia Hospitalnan,18.5071685,73.85499234,private hospital,Private,,,,,n m wadia hospitalnan,[]
Deshpande X - Ray & Sonography Clinic,18.5072667,73.8041923,private clinic,Private,,,,,deshpande x ray sonography clinic,[]
Parvati Netra Chikitsalyanan,18.507293,73.85177932,private hospital,Private,,,,,parvati netra chikitsalyanan,[]
Dr. Manoj Chinchwadkar's Critical Ultrasonography Clinic,18.507346,73.851932,private clinic,Private,,,,,dr manoj chinchwadkars critical ultrasonography clinic,[]
HomeoCureâ„¢ Homeopathy Clinic,18.507359,73.851338,private clinic,Private,,,,,homeocure homeopathy clinic,[]
"Sahyadri Hospital, Kothrud",18.5074423,73.80575713,private hospital,Private,,,,,sahyadri hospital kothrud,"['Aditya Birla', 'Care Health', 'HDFC ERGO']"
Vision Eye Center,18.5075957,73.80689646,private hospital,Private,N.A.,N.A.,N.A.,N.A.,vision eye center,[]
Bakshi Hospital,18.5077479,73.80542197,private hospital,Private,N.A.,N.A.,N.A.,N.A.,bakshi hospital,"['Aditya Birla', 'Care Health', 'HDFC ERGO']"
Sammohini Clinicnan,18.5079993,73.8430136,private hospital,Private,,,,,sammohini clinicnan,[]
Specialty Eye Clinics,18.508281,73.830227,private clinic,Private,,,,,specialty eye clinics,[]
Chandrama Clinicnan,18.508608,73.8457036,private hospital,Private,,,,,chandrama clinicnan,[]
Dr. Bhange's Eye Day Care Centernan,18.5086631,73.85503866,private hospital,Private,,,,,dr bhanges eye day care centernan,[]
Shantalaxmi Clinicnan,18.5086763,73.85500388,private hospital,Private,,,,,shantalaxmi clinicnan,[]
Late. Balaji Rakhmaji Gaikwad Dawakhana,18.509032,73.86526,Government hospital(PMC),Government,,,,,late balaji rakhmaji gaikwad dawakhana,[]
Homeopathic Clinic,18.509069,73.811947,private clinic,Private,,,,,homeopathic clinic,[]
Dr. Swanand S. Gholap,18.5091081,73.8118926,private clinic,Private,,,,,dr swanand s gholap,[]
Jog Hospital,18.5091699,73.82159066,private hospital,Private,,,,,jog hospital,"['TATA AIG', 'Care Health', 'Aditya Birla']"
Bidaye Hospital Pvt.Ltd.,18.5091951,73.84522332,private hospital,Private,,,,,bidaye hospital pvtltd,[]
Krishna Hospital,18.5092184,73.81268003,private hospital,Private,N.A.,YES,N.A.,YES,krishna hospital,"['TATA AIG', 'Care Health']"
Nachiket Hospital,18.5092237,73.83162954,private hospital,Private,N.A.,N.A.,N.A.,N.A.,nachiket hospital,['Care Health']
Dwidal Nursing Home,18.5093097,73.83614629,private hospital,Private,N.A.,N.A.,N.A.,N.A.,dwidal nursing home,"['TATA AIG', 'Care Health']"
Ramkrishna  Hospitalnan,18.5093475,73.84820333,private hospital,Private,,,,,ramkrishna hospitalnan,"['TATA AIG', 'Care Health']"
Kulkarni Endo Surgery  Institute & Re-Effective Urologist Center,18.5097874,73.80298726,private hospital,Private,,,,,kulkarni endo surgery institute reeffective urologist center,"['TATA AIG', 'HDFC ERGO']"
Gholap Clinic,18.5098134,73.8149038,private clinic,Private,,,,,gholap clinic,[]
Dhodu Mama Sathe HospitalVaidykiya Mahavidyalaya,18.5098442,73.83679248,private hospital,Private,,,,,dhodu mama sathe hospitalvaidykiya mahavidyalaya,[]
Lokmanya Hospital,18.5100547,73.83588457,private hospital,Private,N.A.,N.A.,N.A.,N.A.,lokmanya hospital,"['TATA AIG', 'HDFC ERGO', 'Aditya Birla']"
"Best Liposuction, Gynecomastia, Nose Cosmetic Surgery Clinic in Pune - Cosmetic",18.510093,73.834494,private clinic,Private,,,,,best liposuction gynecomastia nose cosmetic surgery clinic in pune cosmetic,[]
"Life Force Homeopathy Clinic, Paud Road, Pune",18.51019,73.819095,private clinic,Private,,,,,life force homeopathy clinic paud road pune,[]
Madhavrao Rande Memorial Hospital(Sanjivan Hospital),18.5102083,73.83704621,private hospital,Private,,,,,madhavrao rande memorial hospitalsanjivan hospital,[]
Cosmetic Laser Surgery Center,18.5102285,73.8382306,private clinic,Private,,,,,cosmetic laser surgery center,[]
Patwardhan Eye Clinic,18.5102629,73.8176979,private clinic,Private,,,,,patwardhan eye clinic,[]
Niranjan Nursing Homenan,18.5102768,73.85264344,private hospital,Private,,,,,niranjan nursing homenan,[]
Naik Orthopadic Hospital,18.5103848,73.85943727,private hospital,Private,N.A.,N.A.,N.A.,N.A.,naik orthopadic hospital,[]
Yogesh Hospitalnan,18.5104292,73.84786016,private hospital,Private,,,,,yogesh hospitalnan,['TATA AIG']
Sarpotdar Eye Hospital,18.510586,73.81989926,private hospital,Private,N.A.,N.A.,N.A.,N.A.,sarpotdar eye hospital,[]
Dr. Tandulwadkar's Solo Clinic,18.510714,73.835288,private clinic,Private,,,,,dr tandulwadkars solo clinic,[]
Dr. Vaidya Skin and Laser Treatment Clinic,18.5109166,73.8506744,private clinic,Private,,,,,dr vaidya skin and laser treatment clinic,[]
Poona Hospital & Reasarch Centernan,18.5110196,73.8424597,private hospital,Private,,,,,poona hospital reasarch centernan,['HDFC ERGO']
Godbole Hospitalnan,18.5111808,73.85138735,private hospital,Private,,,,,godbole hospitalnan,[]
Bai Bhikayji Pestanji Bammanji Dawakhana,18.511186,73.870064,Government hospital(PMC),Government,,,,,bai bhikayji pestanji bammanji dawakhana,[]
Late. Rohidas Kirad Dawakhana,18.511242,73.868669,Government hospital(PMC),Government,,,,,late rohidas kirad dawakhana,[]
Galaxcy Care Laproscopy Institute Pvt.Ltd.,18.5114185,73.83722626,private hospital,Private,,,,,galaxcy care laproscopy institute pvtltd,"['Aditya Birla', 'Care Health']"
Manoj Clinicnan,18.5114385,73.84876844,private hospital,Private,,,,,manoj clinicnan,[]
Deodhar Eyes Hospital,18.5114617,73.83643808,private hospital,Private,N.A.,N.A.,N.A.,N.A.,deodhar eyes hospital,"['TATA AIG', 'HDFC ERGO']"
Nanal Hospital,18.5114677,73.83728408,private hospital,Private,N.A.,N.A.,N.A.,N.A.,nanal hospital,"['TATA AIG', 'HDFC ERGO', 'Aditya Birla']"
Late. Sundarabai Ganpatrao Raut Dawakhana,18.511578,73.820137,Government hospital(PMC),Government,,,,,late sundarabai ganpatrao raut dawakhana,[]
Dr. Paranjpe Gynae Hospitalnan,18.5115989,73.84595553,private hospital,Private,,,,,dr paranjpe gynae hospitalnan,[]
Dr Tendulkar's Dispensary,18.5116074,73.8705748,Dispensary,Government,,,,,dr tendulkars dispensary,[]
Dr Shridhar Chiplunkar,18.5117516,73.8502007,private clinic,Private,,,,,dr shridhar chiplunkar,[]
Late. Kotnis Aarogya Kendra,18.511875,73.857932,Government hospital(PMC),Government,,,,,late kotnis aarogya kendra,[]
Laxmi Prasutigruh & Jeevan JoytiHospital,18.511929,73.85450819,private hospital,Private,,,,,laxmi prasutigruh jeevan joytihospital,[]
Chiranjeev Clinic,18.5119559,73.8534704,private clinic,Private,,,,,chiranjeev clinic,[]
Vitalife Clinic,18.5119723,73.7825397,private clinic,Private,,,,,vitalife clinic,[]
Late.Malti Kachi Maternity Home,18.5121324,73.85800581,Government hospital(PMC),Government,,,,,latemalti kachi maternity home,[]
Dr. Ranade Hospitalnan,18.5121401,73.84916807,private hospital,Private,,,,,dr ranade hospitalnan,[]
Nursing Homenan,18.512151,73.84953817,private hospital,Private,,,,,nursing homenan,[]
Shintre Hospitalnan,18.5121989,73.849542,private hospital,Private,,,,,shintre hospitalnan,[]
Dabake Maternity & General NursingHome,18.5123551,73.83818309,private hospital,Private,,,,,dabake maternity general nursinghome,[]
Mahatma Gandhi Hospitalnan,18.5127056,73.84419483,private hospital,Private,,,,,mahatma gandhi hospitalnan,[]
Konkan Mitra Mandal Trust's SahyadriSpeciality Hospital,18.513101,73.83929666,private hospital,Private,,,,,konkan mitra mandal trusts sahyadrispeciality hospital,[]
Parivartan Ayurved Hospital,18.5132423,73.80802103,private hospital,Private,N.A.,N.A.,N.A.,N.A.,parivartan ayurved hospital,[]
Shining Smiles Orthodontic & Multispeciality Dental Clinic,18.51343,73.855627,private clinic,Private,,,,,shining smiles orthodontic multispeciality dental clinic,[]
Eye Hospital (Dr. Bhat's Eye CareCenter),18.5134975,73.84590853,private hospital,Private,,,,,eye hospital dr bhats eye carecenter,[]
Laxmi Clincnan,18.5136354,73.84559137,private hospital,Private,,,,,laxmi clincnan,[]
Sharada Clinic Shaishav Clinicnan,18.5137981,73.84772473,private hospital,Private,,,,,sharada clinic shaishav clinicnan,[]
"Sathe Eye Clinic, Day Care Clinicnan",18.5138288,73.84498919,private hospital,Private,,,,,sathe eye clinic day care clinicnan,[]
Sutika Seva Mandirnan,18.5139169,73.84640123,private hospital,Private,,,,,sutika seva mandirnan,[]
Best ivf infertility specialist in Pune Pcmc - Xenith Clinic,18.514103,73.828748,private clinic,Private,,,,,best ivf infertility specialist in pune pcmc xenith clinic,[]
Dr. Tarabai Limye Hospitalnan,18.5142345,73.8494506,private hospital,Private,,,,,dr tarabai limye hospitalnan,[]
Kirad Hospital,18.5142545,73.86886318,private hospital,Private,N.A.,N.A.,N.A.,N.A.,kirad hospital,"['TATA AIG', 'Care Health', 'HDFC ERGO']"
Richfeel Trichology Centre,18.514315,73.849749,private clinic,Private,,,,,richfeel trichology centre,[]
Sarswati Vilas Hospitalnan,18.5145037,73.85175613,private hospital,Private,,,,,sarswati vilas hospitalnan,[]
Dr.Ketkar Ent Hospitalnan,18.5145113,73.84702507,private hospital,Private,,,,,drketkar ent hospitalnan,[]
Lathi Hospital & Surgical NursingHome,18.5146524,73.85000965,private hospital,Private,,,,,lathi hospital surgical nursinghome,[]
Netra Seva Kendra (Jan Kalyan EyeBank),18.5146832,73.84726299,private hospital,Private,,,,,netra seva kendra jan kalyan eyebank,[]
Late. Kalavatibai Mavale Dawakhana,18.514826,73.84675,Government hospital(PMC),Government,,,,,late kalavatibai mavale dawakhana,[]
Samvedan Ent & Eye Care Center,18.515151,73.782452,private clinic,Private,,,,,samvedan ent eye care center,[]
V.V And Co.,18.515351,73.856388,Dispensary,Government,,,,,vv and co,[]
Dr. Manohar Gadre,18.5153929,73.850178,Dispensary,Government,,,,,dr manohar gadre,[]
Sathe Hospitalnan,18.5154496,73.84194242,private hospital,Private,,,,,sathe hospitalnan,['Aditya Birla']
Late. Mamasaheb Badade Dawakhana,18.515515,73.867725,Government hospital(PMC),Government,,,,,late mamasaheb badade dawakhana,[]
"Lasik Laser Cataract Eye Surgery, Eye Clinic Specialist In Pune",18.515617,73.815373,private clinic,Private,,,,,lasik laser cataract eye surgery eye clinic specialist in pune,[]
Renu Maternity & Nursing Home,18.5156975,73.87092773,private hospital,Private,,,,,renu maternity nursing home,[]
Dr. Khurd Maternity Homenan,18.5157111,73.85615119,private hospital,Private,,,,,dr khurd maternity homenan,[]
S.P. Deshpande Eye Clinicnan,18.5157878,73.8470853,private hospital,Private,,,,,sp deshpande eye clinicnan,[]
Hutatma Babu Genu Dawakhana,18.515805,73.859786,Government hospital(PMC),Government,,,,,hutatma babu genu dawakhana,[]
Shreeyash Hospitalnan,18.5158584,73.84188041,private hospital,Private,,,,,shreeyash hospitalnan,"['TATA AIG', 'Care Health', 'HDFC ERGO', 'Aditya Birla']"
"Orthodontic, Dental clinic, Dental implant, Root canal, Teeth whitening, Deccan",18.515868,73.841703,private clinic,Private,,,,,orthodontic dental clinic dental implant root canal teeth whitening deccan,[]
Asha Kiran Hospitalnan,18.5159023,73.84746873,private hospital,Private,,,,,asha kiran hospitalnan,[]
Yashada Hospital,18.5162507,73.86153084,private hospital,Private,,,,,yashada hospital,"['TATA AIG', 'Care Health']"
Dr Deven Raisoni,18.5163528,73.8422415,Dispensary,Government,,,,,dr deven raisoni,[]
Hrishikesh Healthcare Pvt. Ltd.,18.5164131,73.84213022,private hospital,Private,,,,,hrishikesh healthcare pvt ltd,[]
Painex - Pain Clinic in Pune,18.516445,73.851879,private clinic,Private,,,,,painex pain clinic in pune,[]
Saikrupa Nursing Homenan,18.5165182,73.84771221,private hospital,Private,,,,,saikrupa nursing homenan,[]
Chaitanya Eye Clinic & Phaco Centrenan,18.516541,73.85158874,private hospital,Private,,,,,chaitanya eye clinic phaco centrenan,[]
Vassan Eye Care Hospital,18.5167739,73.93317104,private hospital,Private,,,,,vassan eye care hospital,"['TATA AIG', 'Care Health']"
Mahrashtra Medical Foundetion JoshiHosptial,18.5171774,73.83323065,private hospital,Private,,,,,mahrashtra medical foundetion joshihosptial,[]
Ghaisas Ent Hospitalnan,18.5172985,73.84236323,private hospital,Private,,,,,ghaisas ent hospitalnan,[]
Gandhi Accident & General Hospitalnan,18.5173963,73.84715994,private hospital,Private,,,,,gandhi accident general hospitalnan,[]
Wagdarikar Hospital,18.5177589,73.8587391,private hospital,Private,N.A.,N.A.,N.A.,N.A.,wagdarikar hospital,"['TATA AIG', 'HDFC ERGO']"
Pearl Womens Hospital & Yash Ivf`,18.5178319,73.84438467,private hospital,Private,,,,,pearl womens hospital yash ivf,[]
Sheth Tarachand RamanathCharitable Aurvedic Hospital,18.5179954,73.86448721,private hospital,Private,,,,,sheth tarachand ramanathcharitable aurvedic hospital,[]
Phadke Hospitalnan,18.5181324,73.84390052,private hospital,Private,,,,,phadke hospitalnan,[]
Paranjpe Eye Clinic,18.5183819,73.8403901,private clinic,Private,,,,,paranjpe eye clinic,[]
Gupte Hospital of Acurate DaigonesticPvt.Ltd.,18.5184926,73.83988249,private hospital,Private,,,,,gupte hospital of acurate daigonesticpvtltd,['HDFC ERGO']
The Cedar Clinic Infertility Center,18.518731,73.8342537,private clinic,Private,,,,,the cedar clinic infertility center,[]
Children Hospital,18.5188041,73.86023877,private hospital,Private,N.A.,N.A.,N.A.,N.A.,children hospital,"['Aditya Birla', 'Care Health']"
Jabde Hospitalnan,18.5189179,73.85948013,private hospital,Private,,,,,jabde hospitalnan,[]
Deccan Centernan,18.5189549,73.84463076,private hospital,Private,,,,,deccan centernan,[]
Gupte Hospital,18.5191366,73.8399448,private clinic,Private,,,,,gupte hospital,['Care Health']
Jijamata Hospitalnan,18.5192632,73.85714533,private hospital,Private,,,,,jijamata hospitalnan,[]
Dhanwantari Hospitalnan,18.5193877,73.86637561,private hospital,Private,,,,,dhanwantari hospitalnan,['Care Health']
Accurate Diagnostic Pvt. Ltd.,18.5194333,73.83997699,private hospital,Private,N.A.,N.A.,N.A.,N.A.,accurate diagnostic pvt ltd,[]
Samarth Hospitalnan,18.5195018,73.8621055,private hospital,Private,,,,,samarth hospitalnan,"['Aditya Birla', 'TATA AIG']"
Late. Mukundrao Lele Dawakhana,18.519752,73.854411,Government hospital(PMC),Government,,,,,late mukundrao lele dawakhana,[]
K.E.M. Hospitalnan,18.5198093,73.86724329,private hospital,Private,,,,,kem hospitalnan,[]
Family Doctor Clinic,18.5205081,73.8567695,private clinic,Private,,,,,family doctor clinic,[]
Vision Nextnan,18.520531,73.84417413,private hospital,Private,,,,,vision nextnan,[]
Visage Skin Clinic,18.520873,73.841493,private clinic,Private,,,,,visage skin clinic,[]
Universal Hospitalnan,18.5215002,73.85566468,private hospital,Private,,,,,universal hospitalnan,[]
Surya Hospital Pvt. Ltd. SuryaSahaydri Hospital,18.5215923,73.85579984,private hospital,Private,,,,,surya hospital pvt ltd suryasahaydri hospital,[]
Skin City India - Best Dermatologist in Camp Pune,18.521637,73.876436,private clinic,Private,,,,,skin city india best dermatologist in camp pune,[]
Dr. Kothari Accident Hospitalnan,18.5216956,73.84521143,private hospital,Private,,,,,dr kothari accident hospitalnan,[]
"Dr. Nanal - Sex specialist doctor and clinic pune, sexologist in pune",18.522298,73.865999,private clinic,Private,,,,,dr nanal sex specialist doctor and clinic pune sexologist in pune,[]
Kaluskar Hospital & Laboretorynan,18.5226483,73.84778341,private hospital,Private,,,,,kaluskar hospital laboretorynan,[]
Late. Jangalrao Kondiba Amrale Dawakhana,18.522728,73.852555,Government hospital(PMC),Government,,,,,late jangalrao kondiba amrale dawakhana,[]
Kalekar Hospital,18.5228262,73.86802192,private hospital,Private,N.A.,N.A.,N.A.,N.A.,kalekar hospital,"['TATA AIG', 'Care Health', 'HDFC ERGO']"
Kamala Nehru Hospital (General Hospital),18.52283,73.86199,Government hospital(PMC),Government,,,,,kamala nehru hospital general hospital,[]
Polyclinic & Hospitalnan,18.5228462,73.85107889,private hospital,Private,,,,,polyclinic hospitalnan,[]
Pandit Plastic Surgery Clinic,18.5234394,73.8495823,private clinic,Private,,,,,pandit plastic surgery clinic,[]
Kelkar Hospitalnan,18.5238131,73.84701137,private hospital,Private,,,,,kelkar hospitalnan,[]
Prashant Hospital Maternity &General Hospital,18.5241744,73.84353928,private hospital,Private,,,,,prashant hospital maternity general hospital,[]
Dr. Manohar Joshi Memorial Hospitalnan,18.5244702,73.84362612,private hospital,Private,,,,,dr manohar joshi memorial hospitalnan,[]
Sanjeevan Surgery/ Atharva Netralaya& Reserch Centre,18.5246082,73.84237112,private hospital,Private,,,,,sanjeevan surgery atharva netralaya reserch centre,[]
Surgical & General Nursing Homenan,18.5246144,73.84984613,private hospital,Private,,,,,surgical general nursing homenan,[]
Deendayal Memorial Hospitalnan,18.5246973,73.84113306,private hospital,Private,,,,,deendayal memorial hospitalnan,[]
Late. Dadasaheb Gaikwad Dawakhana,18.524737,73.865131,Government hospital(PMC),Government,,,,,late dadasaheb gaikwad dawakhana,[]
32 Smiles,18.524747,73.849466,private clinic,Private,,,,,32 smiles,[]
"Dental Sphere: Best Dentist, Dental Clinic on F.C.Road, Deccan, Pune",18.524969,73.841222,private clinic,Private,,,,,dental sphere best dentist dental clinic on fcroad deccan pune,[]
Pioneer Medilesar Pvt. Ltd.,18.5252102,73.84180896,private hospital,Private,N.A.,N.A.,N.A.,N.A.,pioneer medilesar pvt ltd,[]
Dr. Meena Ambule,18.5254603,73.8304487,Dispensary,Government,,,,,dr meena ambule,[]
Dr. Arun Limaye Memorial Nandadip Hospital & Resarch Center Pvt. Ltd.,18.5254842,73.84185157,private hospital,Private,,,,,dr arun limaye memorial nandadip hospital resarch center pvt ltd,[]
Suraj Hospitalnan,18.5257487,73.85271316,private hospital,Private,,,,,suraj hospitalnan,"['Aditya Birla', 'Care Health', 'HDFC ERGO']"
Walvekar Dr Shubhada,18.5274682,73.8269515,private clinic,Private,,,,,walvekar dr shubhada,[]
Maharashtra Medical FoundetionRatna Memorial Hospital,18.5276913,73.82960304,private hospital,Private,,,,,maharashtra medical foundetionratna memorial hospital,[]
Rajeshree Shahu Maharaj Dawakhana,18.527713,73.907674,Government hospital(PMC),Government,,,,,rajeshree shahu maharaj dawakhana,[]
Panse Hospital,18.5279466,73.8749931,private clinic,Private,,,,,panse hospital,"['TATA AIG', 'HDFC ERGO', 'Aditya Birla']"
Naik Clinic,18.528687,73.842839,private clinic,Private,,,,,naik clinic,[]
Pune Fertility Centre,18.5287659,73.8478822,private clinic,Private,N.A.,N.A.,N.A.,N.A.,pune fertility centre,[]
Dr. Homi J. Bhabha Maternity Home,18.529152,73.833361,Government hospital(PMC),Government,,,,,dr homi j bhabha maternity home,[]
Dr. Suresh Parasnis Dispensary,18.529241,73.830514,Dispensary,Government,,,,,dr suresh parasnis dispensary,[]
Sakhi Clinicnan,18.5293097,73.84328456,private hospital,Private,,,,,sakhi clinicnan,[]
Oyster  & Pearl Tulip  Hospitalnan,18.5294331,73.82849362,private hospital,Private,,,,,oyster pearl tulip hospitalnan,[]
Dr. Zine Patil Dispensary - Family Physician,18.5297967,73.8327551,Dispensary,Government,,,,,dr zine patil dispensary family physician,[]
Center For Joint Repleacment Surgarynan,18.5297972,73.85262256,private hospital,Private,,,,,center for joint repleacment surgarynan,[]
Sancheti Institute For Orthopedic &Rehabilitaion,18.529803,73.85304012,private hospital,Private,,,,,sancheti institute for orthopedic rehabilitaion,"['TATA AIG', 'HDFC ERGO', 'Aditya Birla']"
Sancheti Hospital,18.5299852,73.8530692,private clinic,Private,,,,,sancheti hospital,"['TATA AIG', 'HDFC ERGO', 'Aditya Birla']"
Jehangir Hospital,18.5302176,73.87686631,private hospital,Private,N.A.,YES,N.A.,YES,jehangir hospital,"['TATA AIG', 'HDFC ERGO', 'Aditya Birla']"
Sushrut  Hospitalnan,18.5302359,73.84758768,private hospital,Private,,,,,sushrut hospitalnan,"['TATA AIG', 'Care Health', 'HDFC ERGO']"
N. M. Wadiya Institute of CardiologyCharitable Trust,18.530461,73.8772286,private hospital,Private,,,,,n m wadiya institute of cardiologycharitable trust,[]
"Skin City India - Dermatology Clinic in Pune, Hair Transplantation Clinic, Skin",18.5305342,73.8769023,private clinic,Private,,,,,skin city india dermatology clinic in pune hair transplantation clinic skin,[]
dentspa best dental clinic in pune,18.530822,73.847464,private clinic,Private,,,,,dentspa best dental clinic in pune,[]
Pune Municipal Corpn Dispensaries,18.5308225,73.8474647,Dispensary,Government,,,,,pune municipal corpn dispensaries,[]
Atharv Hospitalnan,18.53119,73.84731013,private hospital,Private,,,,,atharv hospitalnan,['TATA AIG']
"Life Force Homeopathy Clinic, Sasoon Road, Pune",18.531353,73.876723,private clinic,Private,,,,,life force homeopathy clinic sasoon road pune,[]
Dr. Naidu Hospital,18.53139,73.869151,Government hospital(PMC),Government,,,,,dr naidu hospital,['Care Health']
National Institute of Naturopathy,18.5315624,73.8740255,Dispensary,Government,,,,,national institute of naturopathy,[]
Pashan Dispensary,18.5315796,73.8501753,Dispensary,Government,,,,,pashan dispensary,[]
Oyster  & Pearl Hospital Pvt.Ltd.,18.5319151,73.84731079,private hospital,Private,,,,,oyster pearl hospital pvtltd,['TATA AIG']
Define Aesthetics,18.531965,73.830489,private clinic,Private,,,,,define aesthetics,[]
Dr. Gogate Eye Clinic,18.5319958,73.87452667,private hospital,Private,,,,,dr gogate eye clinic,[]
Dr Gogate`s Eye Clinic,18.532037,73.874475,private clinic,Private,,,,,dr gogates eye clinic,[]
Sai Cosmetic Clinic - Hair Transplant Surgery Clinic & Skin Care Treatment in Pu,18.5321814,73.9331529,private clinic,Private,,,,,sai cosmetic clinic hair transplant surgery clinic skin care treatment in pu,[]
Best Cardiologist in Pune - Dr. Rahul Patil,18.532312,73.876551,private clinic,Private,,,,,best cardiologist in pune dr rahul patil,[]
Dr. Wachasunder Ent Clinicnan,18.5326896,73.84288448,private hospital,Private,,,,,dr wachasunder ent clinicnan,[]
Dr. Dalvi Maternity Hospital,18.533046,73.84891,Government hospital(PMC),Government,,,,,dr dalvi maternity hospital,[]
Grant Medical Foundetion Ruby HollClinic,18.5334009,73.87738058,private hospital,Private,,,,,grant medical foundetion ruby hollclinic,[]
Ruby Hall Clinic,18.5335172,73.8773236,private clinic,Private,,,,,ruby hall clinic,"['TATA AIG', 'HDFC ERGO', 'Aditya Birla']"
Kids Clinic (I) Pvt. Ltd. Cloud NineHospital,18.5335351,73.84718891,private hospital,Private,,,,,kids clinic i pvt ltd cloud ninehospital,[]
Late. Sakharam Kundlik Kodre Maternity Home,18.53391,73.927257,Government hospital(PMC),Government,,,,,late sakharam kundlik kodre maternity home,[]
Dr. Viral - Cosmetic & Hair Transplant Surgeon,18.5362257,73.8987395,private clinic,Private,,,,,dr viral cosmetic hair transplant surgeon,[]
Morpheus Bliss Fertility Center,18.536725,73.876726,private clinic,Private,,,,,morpheus bliss fertility center,[]
Four Fountains De-Stress Spa,18.536767,73.898448,Dispensary,Government,,,,,four fountains destress spa,[]
Late. Sahadev Eknath Nimhan Maternity Home,18.537722,73.795979,Government hospital(PMC),Government,,,,,late sahadev eknath nimhan maternity home,[]
Sahadeo Eknath Nimhan Dispensary,18.5377887,73.7959732,Dispensary,Government,,,,,sahadeo eknath nimhan dispensary,[]
Late. Bapusaheb Genuji Kawade Patil Dawakhana,18.537819,73.898493,Government hospital(PMC),Government,,,,,late bapusaheb genuji kawade patil dawakhana,[]
Dr.Sanjay Agarwal's Aegle Clinic,18.538359,73.875842,private clinic,Private,,,,,drsanjay agarwals aegle clinic,[]
Kaya Skin Clinic,18.5391386,73.8988786,private clinic,Private,,,,,kaya skin clinic,[]
Dispensary,18.539337,73.794978,Dispensary,Government,,,,,dispensary,[]
RX Clinic,18.5394259,73.8951133,private clinic,Private,,,,,rx clinic,[]
Blush Clinics by Dr Jamuna Pai Pune,18.5406983,73.8795937,private clinic,Private,,,,,blush clinics by dr jamuna pai pune,[]
"Jehangir Oracare Dental Centre - Bhosale Nagar, Pune",18.542725,73.838442,private clinic,Private,,,,,jehangir oracare dental centre bhosale nagar pune,[]
Habbu Homoeo Clinic,18.542875,73.8176473,Dispensary,Government,,,,,habbu homoeo clinic,[]
Dr Pandit's Clinic for Dental Excellence & Implant Centre Pune,18.543201,73.785428,private clinic,Private,,,,,dr pandits clinic for dental excellence implant centre pune,[]
Express Clinics,18.5451885,73.9095194,private clinic,Private,,,,,express clinics,[]
Hair Science Robotic Hair Transplant clinic in Pune,18.545273,73.829756,private clinic,Private,,,,,hair science robotic hair transplant clinic in pune,[]
Katariya Hospitalnan,18.545521,73.88597036,private hospital,Private,,,,,katariya hospitalnan,"['TATA AIG', 'HDFC ERGO']"
Bharat Ratna Late. Rajiv Gandhi Maternity Home,18.545626,73.883893,Government hospital(PMC),Government,,,,,bharat ratna late rajiv gandhi maternity home,[]
Sparkle The Dental Clinic,18.546734,73.901789,private clinic,Private,,,,,sparkle the dental clinic,[]
Late. Lokshahir Annabhau Sathe Dawakhana,18.549598,73.890645,Government hospital(PMC),Government,,,,,late lokshahir annabhau sathe dawakhana,[]
Gold Rush Hospitalnan,18.5500917,73.93729302,private hospital,Private,,,,,gold rush hospitalnan,[]
Parees Homeopathy Clinic,18.550356,73.893627,Dispensary,Government,,,,,parees homeopathy clinic,[]
Central Government Health Services Dispensary,18.5513194,73.8199604,Dispensary,Government,,,,,central government health services dispensary,[]
Shree Hospital Criticare & TraumaCentre Pvt.Ltd.,18.5515319,73.94122124,private hospital,Private,,,,,shree hospital criticare traumacentre pvtltd,[]
Homeopathy Clinic @ Kharadi Pune,18.551602,73.938706,private clinic,Private,,,,,homeopathy clinic kharadi pune,[]
Late. Damodar Ravji Galande Patil Dawakhana,18.551841,73.896929,Government hospital(PMC),Government,,,,,late damodar ravji galande patil dawakhana,[]
The Family Clinic,18.5527212,73.8896446,private clinic,Private,,,,,the family clinic,[]
Spinalogy Clinic,18.553231,73.809165,private clinic,Private,,,,,spinalogy clinic,[]
Dr. Dixit's Dental Speciality Clinic & Implant Centre,18.5533601,73.8989983,private clinic,Private,,,,,dr dixits dental speciality clinic implant centre,[]
"Richfeel Trichology Centre, Aundh",18.553839,73.805208,private clinic,Private,,,,,richfeel trichology centre aundh,[]
Dr.Mathesul Dental & Orthodontic Braces Center,18.554616,73.905808,private clinic,Private,,,,,drmathesul dental orthodontic braces center,[]
Life Active Physiotherapy Clinic,18.555077,73.953214,private clinic,Private,,,,,life active physiotherapy clinic,[]
Lotus Clinic (Dr. Prachi Deshpande),18.5551768,73.7961959,private clinic,Private,,,,,lotus clinic dr prachi deshpande,[]
NuAyurveda Clinic,18.555967,73.807946,private clinic,Private,,,,,nuayurveda clinic,[]
Apollo Clinic - Aundh,18.5566259,73.8088255,private clinic,Private,,,,,apollo clinic aundh,[]
"""MUPPRA"" Kerala Ayurvedic Treatment Centre, Baner, PUNE",18.557115,73.794593,Dispensary,Government,,,,,muppra kerala ayurvedic treatment centre baner pune,[]
"Sunshine Physiotherapy Clinic ,Pune",18.5576621,73.793673,private clinic,Private,,,,,sunshine physiotherapy clinic pune,[]
Aggarwal Speciality Clinic,18.5578419,73.9089308,private clinic,Private,,,,,aggarwal speciality clinic,[]
Spark The Skin Hair Laser Clinic,18.5582664,73.9280038,private clinic,Private,,,,,spark the skin hair laser clinic,[]
Ashwini Eye Care Clinic,18.5584909,73.7918017,private clinic,Private,,,,,ashwini eye care clinic,[]
ENT & Vertigo Clinic,18.5587283,73.7912102,private clinic,Private,,,,,ent vertigo clinic,[]
Elite Dental Clinic,18.5599961,73.789163,private clinic,Private,,,,,elite dental clinic,[]
Skin City India - Skin Care and Hair Fall Treatment Specialist in Aundh,18.560076,73.809611,private clinic,Private,,,,,skin city india skin care and hair fall treatment specialist in aundh,[]
"Dr. Ravi Kothari, Sparsh Skin Care Clinic",18.560391,73.808357,private clinic,Private,,,,,dr ravi kothari sparsh skin care clinic,[]
Divya Eye Clinic,18.5604318,73.8126775,private clinic,Private,,,,,divya eye clinic,[]
Dr. Pharande's Orthodontic & Dental Clinic,18.5605554,73.8045591,private clinic,Private,,,,,dr pharandes orthodontic dental clinic,[]
Women's Clinic,18.5610659,73.8129524,private clinic,Private,,,,,womens clinic,[]
Mrunmayee Health Cear Pvt. Ltd.(Sangamnerkar Hospital),18.561147,73.92141073,private hospital,Private,,,,,mrunmayee health cear pvt ltdsangamnerkar hospital,[]
Dental Hub - Orthodontic Dental Clinic Baner Pune,18.561429,73.785913,private clinic,Private,,,,,dental hub orthodontic dental clinic baner pune,[]
Smile Essentials Family Dental Clinic,18.5617281,73.9492295,private clinic,Private,,,,,smile essentials family dental clinic,[]
Skin Specialist in pune Viman Nagar clinic,18.561823,73.920425,private clinic,Private,,,,,skin specialist in pune viman nagar clinic,[]
Vishwa Multispeciality Clinic & Diagnostics,18.5618806,73.7854531,private clinic,Private,,,,,vishwa multispeciality clinic diagnostics,[]
Kotbagi  Hospital Pvt. Ltd.,18.5619453,73.8048489,private hospital,Private,N.A.,N.A.,N.A.,N.A.,kotbagi hospital pvt ltd,"['TATA AIG', 'HDFC ERGO', 'Aditya Birla']"
Dispensary Clinic,18.5623609,73.8029859,Dispensary,Government,,,,,dispensary clinic,[]
Medipoint Hospitalnan,18.5626131,73.93375615,private hospital,Private,,,,,medipoint hospitalnan,"['TATA AIG', 'HDFC ERGO', 'Aditya Birla']"
K.Baburao Genba Shewale Dispensary,18.562649,73.832739,Dispensary,Government,,,,,kbaburao genba shewale dispensary,[]
Late. Baburao Genba Shevale Dawakhana,18.562739,73.832653,Government hospital(PMC),Government,,,,,late baburao genba shevale dawakhana,[]
Aundh Kuti Maternity Home,18.562805,73.810015,Government hospital(PMC),Government,,,,,aundh kuti maternity home,[]
Dr. Damle Skin clinic,18.5628057,73.9325977,private clinic,Private,,,,,dr damle skin clinic,[]
Kohkade Hospitalnan,18.5628385,73.93184179,private hospital,Private,,,,,kohkade hospitalnan,"['TATA AIG', 'Care Health']"
Vitalife clinic,18.563971,73.783057,private clinic,Private,,,,,vitalife clinic,[]
Dr. Pawar's Dental Clinic,18.564006,73.949777,private clinic,Private,,,,,dr pawars dental clinic,[]
Indira IVF Pune,18.564151,73.907138,private clinic,Private,,,,,indira ivf pune,[]
"Dental Clinic in Baner, Pune - Jehangir Oracare Dental Centre",18.564407,73.775071,private clinic,Private,,,,,dental clinic in baner pune jehangir oracare dental centre,[]
Apollo Clinic - Viman Nagar,18.5645194,73.9139048,private clinic,Private,,,,,apollo clinic viman nagar,[]
PhysioActive- Speciality Physiotherapy Clinic,18.56455,73.907447,private clinic,Private,,,,,physioactive speciality physiotherapy clinic,[]
Dispensary - Dr. B. T. Wani,18.5646672,73.8110299,Dispensary,Government,,,,,dispensary dr b t wani,[]
Aster Dental Clinic,18.56498,73.917462,private clinic,Private,,,,,aster dental clinic,[]
"'MUPPRA"" Kerala Ayurvedic Treatment Centre, Viman Nagar, Pune",18.565275,73.915375,Dispensary,Government,,,,,muppra kerala ayurvedic treatment centre viman nagar pune,[]
Jeevan Jyot Clinic,18.5653687,73.9141944,private clinic,Private,,,,,jeevan jyot clinic,[]
Ashwini Homoeopathic Clinic & Pharmacy,18.5656118,73.8069084,private clinic,Private,,,,,ashwini homoeopathic clinic pharmacy,[]
Yash Clinic,18.5657754,73.7823362,private clinic,Private,,,,,yash clinic,[]
Vatsalya Women's Clinic,18.5661755,73.8071905,private clinic,Private,,,,,vatsalya womens clinic,[]
The Family Doctor and The Family Pharma Viman Nagar,18.566384,73.913643,private clinic,Private,,,,,the family doctor and the family pharma viman nagar,[]
Sai Clinic,18.5668834,73.9182365,private clinic,Private,,,,,sai clinic,[]
Trust Clinic,18.56839,73.882239,private clinic,Private,,,,,trust clinic,[]
Sanjay Gandhi Maternity Home,18.571104,73.838294,Government hospital(PMC),Government,,,,,sanjay gandhi maternity home,[]
Renu Hospital,18.5719383,73.83759855,private hospital,Private,,,,,renu hospital,"['TATA AIG', 'Care Health', 'HDFC ERGO', 'Aditya Birla']"
"Siddharth Dawakhana, Vishrantwadi",18.572164,73.878738,Government hospital(PMC),Government,,,,,siddharth dawakhana vishrantwadi,[]
Dr Poonam's ENT Clinic,18.5740712,73.7767044,private clinic,Private,,,,,dr poonams ent clinic,[]
HealthBay Clinic,18.574537,73.773599,private clinic,Private,,,,,healthbay clinic,[]
Arogya diagnostic clinic,18.5750263,73.7697739,private clinic,Private,,,,,arogya diagnostic clinic,[]
Spandan Clinic,18.57594,73.892962,private clinic,Private,,,,,spandan clinic,[]
Khrist. Rok Edward Poul Dawakhana,18.577003,73.899032,Government hospital(PMC),Government,,,,,khrist rok edward poul dawakhana,[]
Dr AD Upadhyay's clinic DGCA Class I Medical Examiner,18.577979,73.894043,private clinic,Private,,,,,dr ad upadhyays clinic dgca class i medical examiner,[]
Late. Genba Tukaram Mhaske Dawakhana,18.578015,73.874962,Government hospital(PMC),Government,,,,,late genba tukaram mhaske dawakhana,[]
Ct Nursing Homenan,18.59711,73.90164403,private hospital,Private,,,,,ct nursing homenan,[]
